{"enemy": [[34.77845203753086, 69.21229035222223], [34.361140329037035, 69.18806457525926], [34.62446718365079, 69.76936146579365], [34.534273468383624, 69.14909247706896], [34.53409830218045, 69.32264362451127]], "neutral": [[34.54672341751938, 69.29199337100775], [34.762533862955976, 69.13903868937106], [34.59424866611111, 69.67290836], [34.53745502713396, 69.11695638361371]], "friendly": [[34.78122874642857, 69.16954676309524], [34.54866221994118, 69.27396343588235], [34.57109507930693, 69.70428376138614], [34.508906936625, 69.1461700915]]}