Cat,Correct,Incorrect
escalation of force,76.7441860465,23.2558139535
ied explosion,40.4761904762,59.5238095238
demonstration,36.3636363636,63.6363636364
indirect fire,42.8571428571,57.1428571429
meeting,61.1111111111,38.8888888889
accident,64.2857142857,35.7142857143
direct fire,35.0,65.0
medevac,92.7272727273,7.27272727273
ied found/cleared,51.3513513514,48.6486486486
cache found/cleared,75.0,25.0
meeting - security,7.69230769231,92.3076923077
