Cat,Correct,Incorrect
escalation of force,86.0465116279,13.9534883721
ied explosion,39.4736842105,60.5263157895
demonstration,22.2222222222,77.7777777778
indirect fire,36.8421052632,63.1578947368
meeting,56.0,44.0
accident,77.7777777778,22.2222222222
direct fire,48.1481481481,51.8518518519
medevac,86.4864864865,13.5135135135
ied found/cleared,63.829787234,36.170212766
cache found/cleared,74.1935483871,25.8064516129
meeting - security,11.7647058824,88.2352941176
