Cat,Correct,Incorrect
escalation of force,95.5555555556,4.44444444444
ied explosion,57.1428571429,42.8571428571
demonstration,27.2727272727,72.7272727273
indirect fire,36.3636363636,63.6363636364
meeting,58.6206896552,41.3793103448
accident,75.0,25.0
direct fire,46.4285714286,53.5714285714
medevac,92.9824561404,7.01754385965
ied found/cleared,55.3191489362,44.6808510638
cache found/cleared,64.5161290323,35.4838709677
meeting - security,0.0,100.0
