Cat,Correct,Incorrect
escalation of force,65.1162790698,34.8837209302
ied explosion,52.380952381,47.619047619
demonstration,27.2727272727,72.7272727273
indirect fire,47.619047619,52.380952381
meeting,16.6666666667,83.3333333333
accident,35.7142857143,64.2857142857
direct fire,25.0,75.0
medevac,98.1818181818,1.81818181818
ied found/cleared,29.7297297297,70.2702702703
cache found/cleared,65.625,34.375
meeting - security,15.3846153846,84.6153846154
