Cat,Correct,Incorrect
escalation of force,80.0,20.0
ied explosion,60.0,40.0
demonstration,36.3636363636,63.6363636364
indirect fire,60.6060606061,39.3939393939
meeting,10.3448275862,89.6551724138
accident,41.6666666667,58.3333333333
direct fire,10.7142857143,89.2857142857
medevac,98.2456140351,1.75438596491
ied found/cleared,34.0425531915,65.9574468085
cache found/cleared,67.7419354839,32.2580645161
meeting - security,0.0,100.0
