Cat,Correct,Incorrect
escalation of force,76.7441860465,23.2558139535
ied explosion,44.7368421053,55.2631578947
demonstration,33.3333333333,66.6666666667
indirect fire,84.2105263158,15.7894736842
meeting,12.0,88.0
accident,11.1111111111,88.8888888889
direct fire,40.7407407407,59.2592592593
medevac,91.8918918919,8.10810810811
ied found/cleared,40.4255319149,59.5744680851
cache found/cleared,64.5161290323,35.4838709677
meeting - security,0.0,100.0
