Cat,Correct,Incorrect
escalation of force,100.0,0.0
ied explosion,80.0,20.0
demonstration,63.6363636364,36.3636363636
indirect fire,72.7272727273,27.2727272727
meeting,24.1379310345,75.8620689655
accident,75.0,25.0
direct fire,60.7142857143,39.2857142857
medevac,100.0,0.0
ied found/cleared,72.3404255319,27.6595744681
cache found/cleared,90.3225806452,9.67741935484
meeting - security,7.69230769231,92.3076923077
