Cat,Correct,Incorrect
escalation of force,95.3488372093,4.6511627907
ied explosion,81.5789473684,18.4210526316
demonstration,88.8888888889,11.1111111111
indirect fire,78.9473684211,21.0526315789
meeting,28.0,72.0
accident,66.6666666667,33.3333333333
direct fire,66.6666666667,33.3333333333
medevac,100.0,0.0
ied found/cleared,74.4680851064,25.5319148936
cache found/cleared,90.3225806452,9.67741935484
meeting - security,0.0,100.0
