Cat,Correct,Incorrect
escalation of force,86.0465116279,13.9534883721
ied explosion,55.2631578947,44.7368421053
demonstration,88.8888888889,11.1111111111
indirect fire,68.4210526316,31.5789473684
meeting,44.0,56.0
accident,66.6666666667,33.3333333333
direct fire,55.5555555556,44.4444444444
medevac,94.5945945946,5.40540540541
ied found/cleared,61.7021276596,38.2978723404
cache found/cleared,80.6451612903,19.3548387097
meeting - security,17.6470588235,82.3529411765
