Cat,Correct,Incorrect
escalation of force,82.2222222222,17.7777777778
ied explosion,71.4285714286,28.5714285714
demonstration,54.5454545455,45.4545454545
indirect fire,66.6666666667,33.3333333333
meeting,34.4827586207,65.5172413793
accident,58.3333333333,41.6666666667
direct fire,57.1428571429,42.8571428571
medevac,91.2280701754,8.77192982456
ied found/cleared,57.4468085106,42.5531914894
cache found/cleared,87.0967741935,12.9032258065
meeting - security,30.7692307692,69.2307692308
