Cat,Correct,Incorrect
escalation of force,82.8571428571,17.1428571429
ied explosion,48.9361702128,51.0638297872
demonstration,31.25,68.75
indirect fire,25.0,75.0
meeting,59.0909090909,40.9090909091
accident,42.1052631579,57.8947368421
direct fire,38.4615384615,61.5384615385
medevac,95.652173913,4.34782608696
ied found/cleared,58.8235294118,41.1764705882
cache found/cleared,75.8620689655,24.1379310345
meeting - security,16.6666666667,83.3333333333
