Cat,Correct,Incorrect
escalation of force,77.1428571429,22.8571428571
ied explosion,57.4468085106,42.5531914894
demonstration,56.25,43.75
indirect fire,50.0,50.0
meeting,13.6363636364,86.3636363636
accident,15.7894736842,84.2105263158
direct fire,26.9230769231,73.0769230769
medevac,93.4782608696,6.52173913043
ied found/cleared,29.4117647059,70.5882352941
cache found/cleared,72.4137931034,27.5862068966
meeting - security,0.0,100.0
