Cat,Correct,Incorrect
escalation of force,97.1428571429,2.85714285714
ied explosion,87.2340425532,12.7659574468
demonstration,100.0,0.0
indirect fire,75.0,25.0
meeting,18.1818181818,81.8181818182
accident,63.1578947368,36.8421052632
direct fire,57.6923076923,42.3076923077
medevac,100.0,0.0
ied found/cleared,64.7058823529,35.2941176471
cache found/cleared,93.1034482759,6.89655172414
meeting - security,0.0,100.0
