Cat,Correct,Incorrect
escalation of force,94.2857142857,5.71428571429
ied explosion,65.9574468085,34.0425531915
demonstration,87.5,12.5
indirect fire,70.8333333333,29.1666666667
meeting,36.3636363636,63.6363636364
accident,73.6842105263,26.3157894737
direct fire,46.1538461538,53.8461538462
medevac,97.8260869565,2.17391304348
ied found/cleared,54.9019607843,45.0980392157
cache found/cleared,86.2068965517,13.7931034483
meeting - security,33.3333333333,66.6666666667
