Cat,Correct,Incorrect
escalation of force,93.023255814,6.97674418605
ied explosion,85.7142857143,14.2857142857
demonstration,100.0,0.0
indirect fire,71.4285714286,28.5714285714
meeting,27.7777777778,72.2222222222
accident,85.7142857143,14.2857142857
direct fire,85.0,15.0
medevac,100.0,0.0
ied found/cleared,56.7567567568,43.2432432432
cache found/cleared,90.625,9.375
meeting - security,7.69230769231,92.3076923077
