Cat,Correct,Incorrect
escalation of force,83.7209302326,16.2790697674
ied explosion,59.5238095238,40.4761904762
demonstration,90.9090909091,9.09090909091
indirect fire,76.1904761905,23.8095238095
meeting,44.4444444444,55.5555555556
accident,78.5714285714,21.4285714286
direct fire,60.0,40.0
medevac,92.7272727273,7.27272727273
ied found/cleared,43.2432432432,56.7567567568
cache found/cleared,84.375,15.625
meeting - security,15.3846153846,84.6153846154
